{
    "custom_color": [
        0.0,
        0.0,
        0.0,
        1.0
    ],
    "selected_theme": 0,
    "ui_button_color": [
        0.0,
        0.2915501594543457,
        0.5950000286102295,
        1.0
    ],
    "ui_input_color": [
        0.0,
        0.04680004343390465,
        0.36000001430511475,
        1.0
    ]
}